telefono,tiempo
8603903,30.99300479888916
8603902,11.484337091445923
8603900,30.927759170532227
